insert into a_user (lastname, firstname, user_type, authentication, salt, password, username, id) values ('Haasner', 'Olaf', 'INTERNAL', 'LOGIN', '5FA8TCrvPcXabKLM9ga6BR4XVY4Fwrss', '4d3d5d7066e3326354c57e0f10220d8b2441a1de5b1ef7f77046ceae162028c5', 'olaf.haasner@mainlevel.de', 1)
insert into a_user (lastname, firstname, user_type, authentication, salt, password, username, id) values ('Haasner', 'David', 'INTERNAL', 'LOGIN', 'VSqFmEZZHN2JpCnpJnjb4dYQ4Tmq9DGV', 'c5ad4f57f79d609994c3d054e660a333a26e194e817ac83319aea692319b62ea', 'david.haasner@mainlevel.de', 2)
insert into a_user (lastname, firstname, user_type, authentication, salt, password, username, id) values ('Moser', 'Nicolas', 'INTERNAL', 'LOGIN', '4VPk449QayQH95QXuZGVY6hHGTrK3U2V', '7347645fc7a0b4c772b85f67ce066e0863bd236e6ff16c48d94ed342398cae8c', 'nicolas.moser@prodyna.com', 3)
insert into a_user (lastname, firstname, user_type, authentication, salt, password, username, id) values ('Ilic', 'Jasmina', 'INTERNAL', 'LOGIN', 'FG7zB6eBvV9uRQhaFPWwL64hPkTG5LuA', 'ae6762fbcc06f6d7d3e5a567e8f88bd5bd836dad525843f03240b23ed69c569e', 'jasmina.ilic@prodyna.com', 4)
insert into a_user (lastname, firstname, user_type, authentication, salt, password, username, id) values ('Nikolic', 'Milos', 'INTERNAL', 'LOGIN', 'hrZJn5aGRa2yQ9znPmHrgCzWMhvGTP82', 'a78af82c64af8a4fc498d080857296a8cfa2c368c1a8d7ba790ed9eb65456318', 'milos.nikolic@prodyna.com', 5)
insert into a_user (lastname, firstname, user_type, authentication, salt, password, username, id) values ('Chuck', 'Norris', 'INTERNAL', 'LOGIN', 'hrZJn5aGRa2yQ9znPmHrgCzWMhvGTP82', 'a78af82c64af8a4fc498d080857296a8cfa2c368c1a8d7ba790ed9eb65456318', 'google@chucknorris.com', 6)

insert into a_role (name, id) values ('admin', 1)
insert into a_role (name, id) values ('user', 2)
insert into a_role (name, id) values ('template_viewer', 3)
insert into a_role (name, id) values ('template_creator', 4)
insert into a_role (name, id) values ('survey_viewer', 5)
insert into a_role (name, id) values ('evaluation_viewer', 6)
insert into a_role (name, id) values ('evaluation_ind_viewer', 7)
insert into a_role (name, id) values ('evaluation_prg_viewer', 8)
insert into a_role (name, id) values ('evaluation_prj_viewer', 9)
insert into a_role (name, id) values ('evaluation_obj_viewer', 10)
insert into a_role (name, id) values ('indicator_viewer', 11)
insert into a_role (name, id) values ('indicator_editor', 12)
insert into a_role (name, id) values ('user_viewer', 13)
insert into a_role (name, id) values ('user_editor', 14)

insert into a_user_role (user_id, role_id) values (1, 2)
insert into a_user_role (user_id, role_id) values (1, 3)
insert into a_user_role (user_id, role_id) values (1, 4)
insert into a_user_role (user_id, role_id) values (1, 5)
insert into a_user_role (user_id, role_id) values (1, 6)
insert into a_user_role (user_id, role_id) values (1, 7)
insert into a_user_role (user_id, role_id) values (1, 8)
insert into a_user_role (user_id, role_id) values (1, 9)
insert into a_user_role (user_id, role_id) values (1, 10)
insert into a_user_role (user_id, role_id) values (1, 11)
insert into a_user_role (user_id, role_id) values (1, 12)
insert into a_user_role (user_id, role_id) values (1, 13)
insert into a_user_role (user_id, role_id) values (1, 14)
insert into a_user_role (user_id, role_id) values (2, 2)
insert into a_user_role (user_id, role_id) values (2, 3)
insert into a_user_role (user_id, role_id) values (2, 4)
insert into a_user_role (user_id, role_id) values (2, 5)
insert into a_user_role (user_id, role_id) values (2, 6)
insert into a_user_role (user_id, role_id) values (2, 7)
insert into a_user_role (user_id, role_id) values (2, 8)
insert into a_user_role (user_id, role_id) values (2, 9)
insert into a_user_role (user_id, role_id) values (2, 10)
insert into a_user_role (user_id, role_id) values (2, 11)
insert into a_user_role (user_id, role_id) values (2, 12)
insert into a_user_role (user_id, role_id) values (2, 13)
insert into a_user_role (user_id, role_id) values (2, 14)
insert into a_user_role (user_id, role_id) values (3, 2)
insert into a_user_role (user_id, role_id) values (3, 3)
insert into a_user_role (user_id, role_id) values (3, 4)
insert into a_user_role (user_id, role_id) values (3, 5)
insert into a_user_role (user_id, role_id) values (3, 6)
insert into a_user_role (user_id, role_id) values (3, 7)
insert into a_user_role (user_id, role_id) values (3, 8)
insert into a_user_role (user_id, role_id) values (3, 9)
insert into a_user_role (user_id, role_id) values (3, 10)
insert into a_user_role (user_id, role_id) values (3, 11)
insert into a_user_role (user_id, role_id) values (3, 12)
insert into a_user_role (user_id, role_id) values (3, 13)
insert into a_user_role (user_id, role_id) values (3, 14)
insert into a_user_role (user_id, role_id) values (4, 2)
insert into a_user_role (user_id, role_id) values (4, 3)
insert into a_user_role (user_id, role_id) values (4, 4)
insert into a_user_role (user_id, role_id) values (4, 5)
insert into a_user_role (user_id, role_id) values (4, 6)
insert into a_user_role (user_id, role_id) values (4, 7)
insert into a_user_role (user_id, role_id) values (4, 8)
insert into a_user_role (user_id, role_id) values (4, 9)
insert into a_user_role (user_id, role_id) values (4, 10)
insert into a_user_role (user_id, role_id) values (4, 11)
insert into a_user_role (user_id, role_id) values (4, 12)
insert into a_user_role (user_id, role_id) values (4, 13)
insert into a_user_role (user_id, role_id) values (4, 14)
insert into a_user_role (user_id, role_id) values (5, 2)
insert into a_user_role (user_id, role_id) values (5, 3)
insert into a_user_role (user_id, role_id) values (5, 4)
insert into a_user_role (user_id, role_id) values (5, 5)
insert into a_user_role (user_id, role_id) values (5, 6)
insert into a_user_role (user_id, role_id) values (5, 7)
insert into a_user_role (user_id, role_id) values (5, 8)
insert into a_user_role (user_id, role_id) values (5, 9)
insert into a_user_role (user_id, role_id) values (5, 10)
insert into a_user_role (user_id, role_id) values (5, 11)
insert into a_user_role (user_id, role_id) values (5, 12)
insert into a_user_role (user_id, role_id) values (5, 13)
insert into a_user_role (user_id, role_id) values (5, 14)
insert into a_user_role (user_id, role_id) values (6, 2)
insert into a_user_role (user_id, role_id) values (6, 3)
insert into a_user_role (user_id, role_id) values (6, 4)
insert into a_user_role (user_id, role_id) values (6, 5)
insert into a_user_role (user_id, role_id) values (6, 6)
insert into a_user_role (user_id, role_id) values (6, 7)
insert into a_user_role (user_id, role_id) values (6, 8)
insert into a_user_role (user_id, role_id) values (6, 9)
insert into a_user_role (user_id, role_id) values (6, 10)
insert into a_user_role (user_id, role_id) values (6, 11)
insert into a_user_role (user_id, role_id) values (6, 12)
insert into a_user_role (user_id, role_id) values (6, 13)
insert into a_user_role (user_id, role_id) values (6, 14)